<?xml version="1.0" encoding="ISO-8859-1"?>
<root>
	<item id="Title"><![CDATA[Discuz! Plugin]]></item>
	<item id="Version"><![CDATA[X3,X3.1]]></item>
	<item id="Time"><![CDATA[2014-05-21 15:16]]></item>
	<item id="From"><![CDATA[Discuz! Board (http://127.0.0.1/onemary_action/)]]></item>
	<item id="Data">
		<item id="plugin">
			<item id="available"><![CDATA[1]]></item>
			<item id="adminid"><![CDATA[1]]></item>
			<item id="name"><![CDATA[[万美]多通道注册]]></item>
			<item id="identifier"><![CDATA[onemary_register]]></item>
			<item id="description"><![CDATA[最多支持5个独立的注册通道，每个注册通道均可独立验证规则、独立字段、独立界面、独立设置新注册会员用户组。适合用户行业网站里面的会员分级处理]]></item>
			<item id="datatables"><![CDATA[]]></item>
			<item id="directory"><![CDATA[onemary_register/]]></item>
			<item id="copyright"><![CDATA[福州万美网络科技有限公司]]></item>
			<item id="version"><![CDATA[1.120140532]]></item>
			<item id="__modules">
				<item id="0">
					<item id="name"><![CDATA[admincp]]></item>
					<item id="param"><![CDATA[]]></item>
					<item id="menu"><![CDATA[通道设置]]></item>
					<item id="url"><![CDATA[]]></item>
					<item id="type"><![CDATA[3]]></item>
					<item id="adminid"><![CDATA[0]]></item>
					<item id="displayorder"><![CDATA[0]]></item>
					<item id="navtitle"><![CDATA[]]></item>
					<item id="navicon"><![CDATA[]]></item>
					<item id="navsubname"><![CDATA[]]></item>
					<item id="navsuburl"><![CDATA[]]></item>
				</item>
				<item id="1">
					<item id="name"><![CDATA[register]]></item>
					<item id="param"><![CDATA[]]></item>
					<item id="menu"><![CDATA[]]></item>
					<item id="url"><![CDATA[]]></item>
					<item id="type"><![CDATA[11]]></item>
					<item id="adminid"><![CDATA[0]]></item>
					<item id="displayorder"><![CDATA[0]]></item>
					<item id="navtitle"><![CDATA[]]></item>
					<item id="navicon"><![CDATA[]]></item>
					<item id="navsubname"><![CDATA[]]></item>
					<item id="navsuburl"><![CDATA[]]></item>
				</item>
			</item>
		</item>
		<item id="version"><![CDATA[X3,X3.1]]></item>
		<item id="language">
			<item id="scriptlang">
				<item id="rulemessage"><![CDATA[网站服务条款]]></item>
				<item id="gallery_name"><![CDATA[通道名称]]></item>
				<item id="agree"><![CDATA[同意]]></item>
				<item id="disagree"><![CDATA[不同意]]></item>
				<item id="fieldid"><![CDATA[字段]]></item>
				<item id="open"><![CDATA[启用]]></item>
				<item id="compel"><![CDATA[必填]]></item>
				<item id="edit"><![CDATA[编辑]]></item>
				<item id="fieldidsetting"><![CDATA[字段设置]]></item>
				<item id="fieldidsetting1"><![CDATA[通道一]]></item>
				<item id="fieldidsetting2"><![CDATA[通道二]]></item>
				<item id="fieldidsetting3"><![CDATA[通道三]]></item>
				<item id="fieldidsetting4"><![CDATA[通道四]]></item>
				<item id="fieldidsetting5"><![CDATA[通道五]]></item>
				<item id="isopen"><![CDATA[是否启用]]></item>
				<item id="ok"><![CDATA[操作成功]]></item>
				<item id="noopen"><![CDATA[该注册通道未启用，请选择其他注册方式]]></item>
				<item id="new_groupid"><![CDATA[新注册用户组]]></item>
				<item id="prompt"><![CDATA[填写提示]]></item>
				<item id="fieldidedit"><![CDATA[跳转到字段编辑(应用在全局)]]></item>
				<item id="regular"><![CDATA[验证表达式]]></item>
				<item id="setting"><![CDATA[设置]]></item>
				<item id="title"><![CDATA[标题]]></item>
				<item id="ishtml"><![CDATA[支持HTML]]></item>
				<item id="bannerimg"><![CDATA[顶部广告图片]]></item>
				<item id="bannerurl"><![CDATA[顶部广告图片链接]]></item>
				<item id="bannertitle"><![CDATA[顶部广告图片标题]]></item>
				<item id="bgimg"><![CDATA[背景图片]]></item>
				<item id="regverify"><![CDATA[新用户注册验证]]></item>
				<item id="regverify0"><![CDATA[无]]></item>
				<item id="regverify1"><![CDATA[Email验证]]></item>
				<item id="regverify2"><![CDATA[人工审核]]></item>
			</item>
			<item id="templatelang">
				<item id="getpassword"><![CDATA[找回密码]]></item>
				<item id="register_become"><![CDATA[注册成为]]></item>
				<item id="reg2"><![CDATA[注册成为普通会员]]></item>
				<item id="login_guest"><![CDATA[没有帐号？<a href="member.php?mod={$_G[setting][regname]}">{$_G[setting][reglinkname]}</a>]]></item>
				<item id="new_password"><![CDATA[新密码]]></item>
				<item id="new_password_confirm"><![CDATA[确认密码]]></item>
				<item id="password_weak"><![CDATA[密码太弱，密码中必须包含]]></item>
				<item id="strongpw_1"><![CDATA[数字]]></item>
				<item id="strongpw_2"><![CDATA[小写字母]]></item>
				<item id="strongpw_3"><![CDATA[大写字母]]></item>
				<item id="strongpw_4"><![CDATA[特殊符号]]></item>
				<item id="submit"><![CDATA[提交]]></item>
				<item id="close"><![CDATA[关闭]]></item>
				<item id="faq"><![CDATA[帮助]]></item>
				<item id="login"><![CDATA[登录]]></item>
				<item id="login_clearcookies"><![CDATA[清除痕迹]]></item>
				<item id="login_guestmessage"><![CDATA[您需要先登录才能继续本操作]]></item>
				<item id="login_seccheck2"><![CDATA[请输入验证码后继续登录]]></item>
				<item id="login_member"><![CDATA[用户登录]]></item>
				<item id="login_method"><![CDATA[快捷登录]]></item>
				<item id="login_permanent"><![CDATA[自动登录]]></item>
				<item id="profile_renew"><![CDATA[请补充下面的登录信息]]></item>
				<item id="register_from"><![CDATA[推荐人]]></item>
				<item id="account"><![CDATA[帐号]]></item>
				<item id="password"><![CDATA[密码]]></item>
				<item id="activation"><![CDATA[激活]]></item>
				<item id="agree"><![CDATA[同意]]></item>
				<item id="disagree"><![CDATA[不同意]]></item>
				<item id="index_activation"><![CDATA[您的帐号需要激活]]></item>
				<item id="invite_code"><![CDATA[邀请码]]></item>
				<item id="login_inactive"><![CDATA[放弃激活，现在<a href="member.php?mod={$_G[setting][regname]}">{$_G[setting][reglinkname]}</a>]]></item>
				<item id="login_now"><![CDATA[已有帐号？现在登录]]></item>
				<item id="password_confirm"><![CDATA[确认密码]]></item>
				<item id="register_buyinvitecode"><![CDATA[还没有邀请码？点击此处获取]]></item>
				<item id="register_email_tips"><![CDATA[请输入正确的邮箱地址]]></item>
				<item id="register_message"><![CDATA[注册原因]]></item>
				<item id="register_message1"><![CDATA[您填写的注册原因会被当作申请注册的重要参考依据，请认真填写。]]></item>
				<item id="register_password_length_tips1"><![CDATA[最小长度为]]></item>
				<item id="register_password_length_tips2"><![CDATA[个字符]]></item>
				<item id="register_password_tips"><![CDATA[请填写密码]]></item>
				<item id="register_repassword_tips"><![CDATA[请再次输入密码]]></item>
				<item id="register_username_tips"><![CDATA[用户名由 3 到 15 个字符组成]]></item>
				<item id="register_validate_email_tips"><![CDATA[注册需要验证邮箱，请务必填写正确的邮箱，提交后请及时查收邮件。<br />您可能需要等待几分钟才能收到邮件，如果收件箱没有，请检查一下垃圾邮件箱。]]></item>
				<item id="rulemessage"><![CDATA[网站服务条款]]></item>
				<item id="pleasewrite"><![CDATA[请填写]]></item>
				<item id="username"><![CDATA[会员名]]></item>
				<item id="emailtip"><![CDATA[填入<span class="mC">有效的邮箱地址</span>,以验证完成注册,<br>此邮箱将用于密码找回等重要操作<br>如:server@siteweb.com]]></item>
				<item id="passwordtip"><![CDATA[密码由<span class="mC">6-24</span>位英文字母,数字,特殊符号组成<br>如:myPaSsword#987]]></item>
				<item id="email"><![CDATA[邮箱]]></item>
				<item id="pass"><![CDATA[弱]]></item>
				<item id="pasm"><![CDATA[中]]></item>
				<item id="pasb"><![CDATA[强]]></item>
				<item id="regverifytip"><![CDATA[验证码输入错误，请重新输入]]></item>
				<item id="regverifytit"><![CDATA[请输入验证码]]></item>
				<item id="writeok"><![CDATA[填写正确]]></item>
				<item id="writeno"><![CDATA[哎呀,这里出错啦!]]></item>
				<item id="notcorrect"><![CDATA[格式不正确]]></item>
				<item id="promptwindows"><![CDATA[提示]]></item>
				<item id="isok"><![CDATA[确认]]></item>
				<item id="lenghtno"><![CDATA[格式不正确]]></item>
				<item id="readagreed"><![CDATA[请先阅读并同意]]></item>
				<item id="reg1"><![CDATA[注册成为专业会员]]></item>
			</item>
		</item>
		<item id="installfile"><![CDATA[install.php]]></item>
		<item id="uninstallfile"><![CDATA[uninstall.php]]></item>
	</item>
</root>