<?xml version="1.0" encoding="ISO-8859-1"?>
<root>
	<item id="Title"><![CDATA[Discuz! Plugin]]></item>
	<item id="Version"><![CDATA[X3,X3.1]]></item>
	<item id="Time"><![CDATA[2014-05-21 15:16]]></item>
	<item id="From"><![CDATA[Discuz! Board (http://127.0.0.1/onemary_action/)]]></item>
	<item id="Data">
		<item id="plugin">
			<item id="available"><![CDATA[1]]></item>
			<item id="adminid"><![CDATA[1]]></item>
			<item id="name"><![CDATA[[萬美]多通道注冊]]></item>
			<item id="identifier"><![CDATA[onemary_register]]></item>
			<item id="description"><![CDATA[最多支持5個獨立的注冊通道，每個注冊通道均可獨立驗證規則、獨立字段、獨立界面、獨立設置新注冊會員用戶組。適合用戶行業網站里面的會員分級處理]]></item>
			<item id="datatables"><![CDATA[]]></item>
			<item id="directory"><![CDATA[onemary_register/]]></item>
			<item id="copyright"><![CDATA[福州萬美網絡科技有限公司]]></item>
			<item id="version"><![CDATA[1.120140532]]></item>
			<item id="__modules">
				<item id="0">
					<item id="name"><![CDATA[admincp]]></item>
					<item id="param"><![CDATA[]]></item>
					<item id="menu"><![CDATA[通道設置]]></item>
					<item id="url"><![CDATA[]]></item>
					<item id="type"><![CDATA[3]]></item>
					<item id="adminid"><![CDATA[0]]></item>
					<item id="displayorder"><![CDATA[0]]></item>
					<item id="navtitle"><![CDATA[]]></item>
					<item id="navicon"><![CDATA[]]></item>
					<item id="navsubname"><![CDATA[]]></item>
					<item id="navsuburl"><![CDATA[]]></item>
				</item>
				<item id="1">
					<item id="name"><![CDATA[register]]></item>
					<item id="param"><![CDATA[]]></item>
					<item id="menu"><![CDATA[]]></item>
					<item id="url"><![CDATA[]]></item>
					<item id="type"><![CDATA[11]]></item>
					<item id="adminid"><![CDATA[0]]></item>
					<item id="displayorder"><![CDATA[0]]></item>
					<item id="navtitle"><![CDATA[]]></item>
					<item id="navicon"><![CDATA[]]></item>
					<item id="navsubname"><![CDATA[]]></item>
					<item id="navsuburl"><![CDATA[]]></item>
				</item>
			</item>
		</item>
		<item id="version"><![CDATA[X3,X3.1]]></item>
		<item id="language">
			<item id="scriptlang">
				<item id="rulemessage"><![CDATA[網站服務條款]]></item>
				<item id="gallery_name"><![CDATA[通道名稱]]></item>
				<item id="agree"><![CDATA[同意]]></item>
				<item id="disagree"><![CDATA[不同意]]></item>
				<item id="fieldid"><![CDATA[字段]]></item>
				<item id="open"><![CDATA[啟用]]></item>
				<item id="compel"><![CDATA[必填]]></item>
				<item id="edit"><![CDATA[編輯]]></item>
				<item id="fieldidsetting"><![CDATA[字段設置]]></item>
				<item id="fieldidsetting1"><![CDATA[通道一]]></item>
				<item id="fieldidsetting2"><![CDATA[通道二]]></item>
				<item id="fieldidsetting3"><![CDATA[通道三]]></item>
				<item id="fieldidsetting4"><![CDATA[通道四]]></item>
				<item id="fieldidsetting5"><![CDATA[通道五]]></item>
				<item id="isopen"><![CDATA[是否啟用]]></item>
				<item id="ok"><![CDATA[操作成功\]]></item>
				<item id="noopen"><![CDATA[該注冊通道未啟用，請選擇其他注冊方式]]></item>
				<item id="new_groupid"><![CDATA[新注冊用戶組]]></item>
				<item id="prompt"><![CDATA[填寫提示]]></item>
				<item id="fieldidedit"><![CDATA[跳轉到字段編輯(應用在全局)]]></item>
				<item id="regular"><![CDATA[驗證表達式]]></item>
				<item id="setting"><![CDATA[設置]]></item>
				<item id="title"><![CDATA[標題]]></item>
				<item id="ishtml"><![CDATA[支持HTML]]></item>
				<item id="bannerimg"><![CDATA[頂部廣告圖片]]></item>
				<item id="bannerurl"><![CDATA[頂部廣告圖片鏈接]]></item>
				<item id="bannertitle"><![CDATA[頂部廣告圖片標題]]></item>
				<item id="bgimg"><![CDATA[背景圖片]]></item>
				<item id="regverify"><![CDATA[新用戶注冊驗證]]></item>
				<item id="regverify0"><![CDATA[無]]></item>
				<item id="regverify1"><![CDATA[Email驗證]]></item>
				<item id="regverify2"><![CDATA[人工審核]]></item>
			</item>
			<item id="templatelang">
				<item id="getpassword"><![CDATA[找回密碼]]></item>
				<item id="register_become"><![CDATA[注冊成為]]></item>
				<item id="reg2"><![CDATA[注冊成為普通會員]]></item>
				<item id="login_guest"><![CDATA[沒有帳號？<a href="member.php?mod={$_G[setting][regname]}">{$_G[setting][reglinkname]}</a>]]></item>
				<item id="new_password"><![CDATA[新密碼]]></item>
				<item id="new_password_confirm"><![CDATA[確認密碼]]></item>
				<item id="password_weak"><![CDATA[密碼太弱，密碼中必須包含]]></item>
				<item id="strongpw_1"><![CDATA[數字]]></item>
				<item id="strongpw_2"><![CDATA[小寫字母]]></item>
				<item id="strongpw_3"><![CDATA[大寫字母]]></item>
				<item id="strongpw_4"><![CDATA[特殊符號]]></item>
				<item id="submit"><![CDATA[提交]]></item>
				<item id="close"><![CDATA[關閉]]></item>
				<item id="faq"><![CDATA[幫助]]></item>
				<item id="login"><![CDATA[登錄]]></item>
				<item id="login_clearcookies"><![CDATA[清除痕跡]]></item>
				<item id="login_guestmessage"><![CDATA[您需要先登錄才能繼續本操作]]></item>
				<item id="login_seccheck2"><![CDATA[請輸入驗證碼後繼續登錄]]></item>
				<item id="login_member"><![CDATA[用戶登錄]]></item>
				<item id="login_method"><![CDATA[快捷登錄]]></item>
				<item id="login_permanent"><![CDATA[自動登錄]]></item>
				<item id="profile_renew"><![CDATA[請補充下面的登錄信息]]></item>
				<item id="register_from"><![CDATA[推薦人]]></item>
				<item id="account"><![CDATA[帳號]]></item>
				<item id="password"><![CDATA[密碼]]></item>
				<item id="activation"><![CDATA[激活]]></item>
				<item id="agree"><![CDATA[同意]]></item>
				<item id="disagree"><![CDATA[不同意]]></item>
				<item id="index_activation"><![CDATA[您的帳號需要激活]]></item>
				<item id="invite_code"><![CDATA[邀請碼]]></item>
				<item id="login_inactive"><![CDATA[放棄激活，現在<a href="member.php?mod={$_G[setting][regname]}">{$_G[setting][reglinkname]}</a>]]></item>
				<item id="login_now"><![CDATA[已有帳號？現在登錄]]></item>
				<item id="password_confirm"><![CDATA[確認密碼]]></item>
				<item id="register_buyinvitecode"><![CDATA[還沒有邀請碼？點擊此處獲取]]></item>
				<item id="register_email_tips"><![CDATA[請輸入正確的郵箱地址]]></item>
				<item id="register_message"><![CDATA[注冊原因]]></item>
				<item id="register_message1"><![CDATA[您填寫的注冊原因會被當作申請注冊的重要參考依據，請認真填寫。]]></item>
				<item id="register_password_length_tips1"><![CDATA[最小長度為]]></item>
				<item id="register_password_length_tips2"><![CDATA[個字符]]></item>
				<item id="register_password_tips"><![CDATA[請填寫密碼]]></item>
				<item id="register_repassword_tips"><![CDATA[請再次輸入密碼]]></item>
				<item id="register_username_tips"><![CDATA[用戶名由 3 到 15 個字符組成]]></item>
				<item id="register_validate_email_tips"><![CDATA[注冊需要驗證郵箱，請務必填寫正確的郵箱，提交後請及時查收郵件。<br />您可能需要等待幾分鐘才能收到郵件，如果收件箱沒有，請檢查一下垃圾郵件箱。]]></item>
				<item id="rulemessage"><![CDATA[網站服務條款]]></item>
				<item id="pleasewrite"><![CDATA[請填寫]]></item>
				<item id="username"><![CDATA[會員名]]></item>
				<item id="emailtip"><![CDATA[填入<span class="mC">有效的郵箱地址</span>,以驗證完成注冊,<br>此郵箱將用于密碼找回等重要操作<br>如:server@siteweb.com]]></item>
				<item id="passwordtip"><![CDATA[密碼由<span class="mC">6-24</span>位英文字母,數字,特殊符號組成<br>如:myPaSsword#987]]></item>
				<item id="email"><![CDATA[郵箱]]></item>
				<item id="pass"><![CDATA[弱]]></item>
				<item id="pasm"><![CDATA[中]]></item>
				<item id="pasb"><![CDATA[強]]></item>
				<item id="regverifytip"><![CDATA[驗證碼輸入錯誤，請重新輸入]]></item>
				<item id="regverifytit"><![CDATA[請輸入驗證碼]]></item>
				<item id="writeok"><![CDATA[填寫正確]]></item>
				<item id="writeno"><![CDATA[哎呀,這里出錯啦!]]></item>
				<item id="notcorrect"><![CDATA[格式不正確]]></item>
				<item id="promptwindows"><![CDATA[提示]]></item>
				<item id="isok"><![CDATA[確認]]></item>
				<item id="lenghtno"><![CDATA[格式不正確]]></item>
				<item id="readagreed"><![CDATA[請先閱\讀並同意]]></item>
				<item id="reg1"><![CDATA[注冊成為專業會員]]></item>
			</item>
		</item>
		<item id="installfile"><![CDATA[install.php]]></item>
		<item id="uninstallfile"><![CDATA[uninstall.php]]></item>
	</item>
</root>